Index,President,Categories,Date,Citation,Title
0,George Washington,"['Presidential', 'State of the Union Addresses', 'Spoken Addresses and Remarks', 'to Congress']","January 08, 1790","George Washington, First Annual Address to Congress Online by Gerhard Peters and John T. Woolley, The American Presidency Project https://www.presidency.ucsb.edu/node/203158",First Annual Address to Congress
1,George Washington,"['Presidential', 'State of the Union Addresses', 'Spoken Addresses and Remarks', 'to Congress']","December 08, 1790","George Washington, Second Annual Address to Congress Online by Gerhard Peters and John T. Woolley, The American Presidency Project https://www.presidency.ucsb.edu/node/203719",Second Annual Address to Congress
2,George Washington,"['Presidential', 'State of the Union Addresses', 'Spoken Addresses and Remarks', 'to Congress']","October 25, 1791","George Washington, Third Annual Address to Congress Online by Gerhard Peters and John T. Woolley, The American Presidency Project https://www.presidency.ucsb.edu/node/204464",Third Annual Address to Congress
3,George Washington,"['Presidential', 'State of the Union Addresses', 'Spoken Addresses and Remarks', 'to Congress']","November 06, 1792","George Washington, Fourth Annual Address to Congress Online by Gerhard Peters and John T. Woolley, The American Presidency Project https://www.presidency.ucsb.edu/node/205453",Fourth Annual Address to Congress
4,George Washington,"['Presidential', 'State of the Union Addresses', 'Spoken Addresses and Remarks', 'to Congress']","December 03, 1793","George Washington, Fifth Annual Address to Congress Online by Gerhard Peters and John T. Woolley, The American Presidency Project https://www.presidency.ucsb.edu/node/206832",Fifth Annual Address to Congress
5,George Washington,"['Presidential', 'State of the Union Addresses', 'Spoken Addresses and Remarks', 'to Congress']","November 19, 1794","George Washington, Sixth Annual Address to Congress Online by Gerhard Peters and John T. Woolley, The American Presidency Project https://www.presidency.ucsb.edu/node/207788",Sixth Annual Address to Congress
6,George Washington,"['Presidential', 'State of the Union Addresses', 'Spoken Addresses and Remarks', 'to Congress']","December 08, 1795","George Washington, Seventh Annual Address to Congress Online by Gerhard Peters and John T. Woolley, The American Presidency Project https://www.presidency.ucsb.edu/node/206729",Seventh Annual Address to Congress
7,George Washington,"['Presidential', 'State of the Union Addresses', 'Spoken Addresses and Remarks', 'to Congress']","December 07, 1796","George Washington, Eighth Annual Address to Congress Online by Gerhard Peters and John T. Woolley, The American Presidency Project https://www.presidency.ucsb.edu/node/200398",Eighth Annual Address to Congress
8,John Adams,"['Presidential', 'State of the Union Addresses', 'Spoken Addresses and Remarks', 'to Congress']","November 22, 1797","John Adams, First Annual Address to Congress Online by Gerhard Peters and John T. Woolley, The American Presidency Project https://www.presidency.ucsb.edu/node/200487",First Annual Address to Congress
9,John Adams,"['Presidential', 'State of the Union Addresses', 'Spoken Addresses and Remarks', 'to Congress']","December 08, 1798","John Adams, Second Annual Address to Congress Online by Gerhard Peters and John T. Woolley, The American Presidency Project https://www.presidency.ucsb.edu/node/200550",Second Annual Address to Congress
10,John Adams,"['Presidential', 'State of the Union Addresses', 'Spoken Addresses and Remarks', 'to Congress']","December 03, 1799","John Adams, Third Annual Address to Congress Online by Gerhard Peters and John T. Woolley, The American Presidency Project https://www.presidency.ucsb.edu/node/200624",Third Annual Address to Congress
11,John Adams,"['Presidential', 'State of the Union Addresses', 'Spoken Addresses and Remarks', 'to Congress']","November 22, 1800","John Adams, Fourth Annual Address to Congress Online by Gerhard Peters and John T. Woolley, The American Presidency Project https://www.presidency.ucsb.edu/node/200693",Fourth Annual Address to Congress
12,Thomas Jefferson,"['Presidential', 'Written Messages', 'State of the Union Messages']","December 08, 1801","Thomas Jefferson, First Annual Message Online by Gerhard Peters and John T. Woolley, The American Presidency Project https://www.presidency.ucsb.edu/node/202536",First Annual Message
13,Thomas Jefferson,"['Presidential', 'Written Messages', 'State of the Union Messages']","December 15, 1802","Thomas Jefferson, Second Annual Message Online by Gerhard Peters and John T. Woolley, The American Presidency Project https://www.presidency.ucsb.edu/node/202594",Second Annual Message
14,Thomas Jefferson,"['Presidential', 'Written Messages', 'State of the Union Messages']","October 17, 1803","Thomas Jefferson, Third Annual Message Online by Gerhard Peters and John T. Woolley, The American Presidency Project https://www.presidency.ucsb.edu/node/202655",Third Annual Message
15,Thomas Jefferson,"['Presidential', 'Written Messages', 'State of the Union Messages']","November 08, 1804","Thomas Jefferson, Fourth Annual Message Online by Gerhard Peters and John T. Woolley, The American Presidency Project https://www.presidency.ucsb.edu/node/202713",Fourth Annual Message
16,Thomas Jefferson,"['Presidential', 'Written Messages', 'State of the Union Messages']","December 03, 1805","Thomas Jefferson, Fifth Annual Message Online by Gerhard Peters and John T. Woolley, The American Presidency Project https://www.presidency.ucsb.edu/node/202789",Fifth Annual Message
17,Thomas Jefferson,"['Presidential', 'Written Messages', 'State of the Union Messages']","December 02, 1806","Thomas Jefferson, Sixth Annual Message Online by Gerhard Peters and John T. Woolley, The American Presidency Project https://www.presidency.ucsb.edu/node/202839",Sixth Annual Message
18,Thomas Jefferson,"['Presidential', 'Written Messages', 'State of the Union Messages']","October 27, 1807","Thomas Jefferson, Seventh Annual Message Online by Gerhard Peters and John T. Woolley, The American Presidency Project https://www.presidency.ucsb.edu/node/202886",Seventh Annual Message
19,Thomas Jefferson,"['Presidential', 'Written Messages', 'State of the Union Messages']","November 08, 1808","Thomas Jefferson, Eighth Annual Message Online by Gerhard Peters and John T. Woolley, The American Presidency Project https://www.presidency.ucsb.edu/node/202933",Eighth Annual Message
20,James Madison,"['Presidential', 'Written Messages', 'State of the Union Messages']","November 29, 1809","James Madison, First Annual Message Online by Gerhard Peters and John T. Woolley, The American Presidency Project https://www.presidency.ucsb.edu/node/204403",First Annual Message
21,James Madison,"['Presidential', 'Written Messages', 'State of the Union Messages']","December 05, 1810","James Madison, Second Annual Message Online by Gerhard Peters and John T. Woolley, The American Presidency Project https://www.presidency.ucsb.edu/node/204434",Second Annual Message
22,James Madison,"['Presidential', 'Written Messages', 'State of the Union Messages']","November 05, 1811","James Madison, Third Annual Message Online by Gerhard Peters and John T. Woolley, The American Presidency Project https://www.presidency.ucsb.edu/node/204473",Third Annual Message
23,James Madison,"['Presidential', 'Written Messages', 'State of the Union Messages']","November 04, 1812","James Madison, Fourth Annual Message Online by Gerhard Peters and John T. Woolley, The American Presidency Project https://www.presidency.ucsb.edu/node/204504",Fourth Annual Message
24,James Madison,"['Presidential', 'Written Messages', 'State of the Union Messages']","December 07, 1813","James Madison, Fifth Annual Message Online by Gerhard Peters and John T. Woolley, The American Presidency Project https://www.presidency.ucsb.edu/node/204541",Fifth Annual Message
25,James Madison,"['Presidential', 'Written Messages', 'State of the Union Messages']","September 20, 1814","James Madison, Sixth Annual Message Online by Gerhard Peters and John T. Woolley, The American Presidency Project https://www.presidency.ucsb.edu/node/204586",Sixth Annual Message
26,James Madison,"['Presidential', 'Written Messages', 'State of the Union Messages']","December 05, 1815","James Madison, Seventh Annual Message Online by Gerhard Peters and John T. Woolley, The American Presidency Project https://www.presidency.ucsb.edu/node/204622",Seventh Annual Message
27,James Madison,"['Presidential', 'Written Messages', 'State of the Union Messages']","December 03, 1816","James Madison, Eighth Annual Message Online by Gerhard Peters and John T. Woolley, The American Presidency Project https://www.presidency.ucsb.edu/node/204790",Eighth Annual Message
28,James Monroe,"['Presidential', 'Written Messages', 'State of the Union Messages']","December 02, 1817","James Monroe, First Annual Message Online by Gerhard Peters and John T. Woolley, The American Presidency Project https://www.presidency.ucsb.edu/node/205560",First Annual Message
29,James Monroe,"['Presidential', 'Written Messages', 'State of the Union Messages']","November 16, 1818","James Monroe, Second Annual Message Online by Gerhard Peters and John T. Woolley, The American Presidency Project https://www.presidency.ucsb.edu/node/205598",Second Annual Message
30,James Monroe,"['Presidential', 'Written Messages', 'State of the Union Messages']","December 07, 1819","James Monroe, Third Annual Message Online by Gerhard Peters and John T. Woolley, The American Presidency Project https://www.presidency.ucsb.edu/node/205633",Third Annual Message
31,James Monroe,"['Presidential', 'Written Messages', 'State of the Union Messages']","November 14, 1820","James Monroe, Fourth Annual Message Online by Gerhard Peters and John T. Woolley, The American Presidency Project https://www.presidency.ucsb.edu/node/205662",Fourth Annual Message
32,James Monroe,"['Presidential', 'Written Messages', 'State of the Union Messages']","December 03, 1821","James Monroe, Fifth Annual Message Online by Gerhard Peters and John T. Woolley, The American Presidency Project https://www.presidency.ucsb.edu/node/205698",Fifth Annual Message
33,James Monroe,"['Presidential', 'Written Messages', 'State of the Union Messages']","December 03, 1822","James Monroe, Sixth Annual Message Online by Gerhard Peters and John T. Woolley, The American Presidency Project https://www.presidency.ucsb.edu/node/205723",Sixth Annual Message
34,James Monroe,"['Presidential', 'Written Messages', 'State of the Union Messages']","December 02, 1823","James Monroe, Seventh Annual Message Online by Gerhard Peters and John T. Woolley, The American Presidency Project https://www.presidency.ucsb.edu/node/205755",Seventh Annual Message
35,James Monroe,"['Presidential', 'Written Messages', 'State of the Union Messages']","December 07, 1824","James Monroe, Eighth Annual Message Online by Gerhard Peters and John T. Woolley, The American Presidency Project https://www.presidency.ucsb.edu/node/205780",Eighth Annual Message
36,John Quincy Adams,"['Presidential', 'Written Messages', 'State of the Union Messages']","December 06, 1825","John Quincy Adams, First Annual Message Online by Gerhard Peters and John T. Woolley, The American Presidency Project https://www.presidency.ucsb.edu/node/206789",First Annual Message
37,John Quincy Adams,"['Presidential', 'Written Messages', 'State of the Union Messages']","December 05, 1826","John Quincy Adams, Second Annual Message Online by Gerhard Peters and John T. Woolley, The American Presidency Project https://www.presidency.ucsb.edu/node/206797",Second Annual Message
38,John Quincy Adams,"['Presidential', 'Written Messages', 'State of the Union Messages']","December 04, 1827","John Quincy Adams, Third Annual Message Online by Gerhard Peters and John T. Woolley, The American Presidency Project https://www.presidency.ucsb.edu/node/206800",Third Annual Message
39,John Quincy Adams,"['Presidential', 'Written Messages', 'State of the Union Messages']","December 02, 1828","John Quincy Adams, Fourth Annual Message Online by Gerhard Peters and John T. Woolley, The American Presidency Project https://www.presidency.ucsb.edu/node/206803",Fourth Annual Message
40,Andrew Jackson,"['Presidential', 'Written Messages', 'State of the Union Messages']","December 08, 1829","Andrew Jackson, First Annual Message Online by Gerhard Peters and John T. Woolley, The American Presidency Project https://www.presidency.ucsb.edu/node/200828",First Annual Message
41,Andrew Jackson,"['Presidential', 'Written Messages', 'State of the Union Messages']","December 06, 1830","Andrew Jackson, Second Annual Message Online by Gerhard Peters and John T. Woolley, The American Presidency Project https://www.presidency.ucsb.edu/node/200833",Second Annual Message
42,Andrew Jackson,"['Presidential', 'Written Messages', 'State of the Union Messages']","December 06, 1831","Andrew Jackson, Third Annual Message Online by Gerhard Peters and John T. Woolley, The American Presidency Project https://www.presidency.ucsb.edu/node/200835",Third Annual Message
43,Andrew Jackson,"['Presidential', 'Written Messages', 'State of the Union Messages']","December 04, 1832","Andrew Jackson, Fourth Annual Message Online by Gerhard Peters and John T. Woolley, The American Presidency Project https://www.presidency.ucsb.edu/node/200842",Fourth Annual Message
44,Andrew Jackson,"['Presidential', 'Written Messages', 'State of the Union Messages']","December 03, 1833","Andrew Jackson, Fifth Annual Message Online by Gerhard Peters and John T. Woolley, The American Presidency Project https://www.presidency.ucsb.edu/node/200846",Fifth Annual Message
45,Andrew Jackson,"['Presidential', 'Written Messages', 'State of the Union Messages']","December 01, 1834","Andrew Jackson, Sixth Annual Message Online by Gerhard Peters and John T. Woolley, The American Presidency Project https://www.presidency.ucsb.edu/node/200854",Sixth Annual Message
46,Andrew Jackson,"['Presidential', 'Written Messages', 'State of the Union Messages']","December 08, 1835","Andrew Jackson, Seventh Annual Message Online by Gerhard Peters and John T. Woolley, The American Presidency Project https://www.presidency.ucsb.edu/node/200865",Seventh Annual Message
47,Andrew Jackson,"['Presidential', 'Written Messages', 'State of the Union Messages']","December 06, 1836","Andrew Jackson, Eighth Annual Message Online by Gerhard Peters and John T. Woolley, The American Presidency Project https://www.presidency.ucsb.edu/node/200873",Eighth Annual Message
48,Martin van Buren,"['Presidential', 'Written Messages', 'State of the Union Messages']","December 05, 1837","Martin van Buren, First Annual Message Online by Gerhard Peters and John T. Woolley, The American Presidency Project https://www.presidency.ucsb.edu/node/201820",First Annual Message
49,Martin van Buren,"['Presidential', 'Written Messages', 'State of the Union Messages']","December 03, 1838","Martin van Buren, Second Annual Message Online by Gerhard Peters and John T. Woolley, The American Presidency Project https://www.presidency.ucsb.edu/node/201825",Second Annual Message
50,Martin van Buren,"['Presidential', 'Written Messages', 'State of the Union Messages']","December 02, 1839","Martin van Buren, Third Annual Message Online by Gerhard Peters and John T. Woolley, The American Presidency Project https://www.presidency.ucsb.edu/node/201831",Third Annual Message
51,Martin van Buren,"['Presidential', 'Written Messages', 'State of the Union Messages']","December 05, 1840","Martin van Buren, Fourth Annual Message Online by Gerhard Peters and John T. Woolley, The American Presidency Project https://www.presidency.ucsb.edu/node/201835",Fourth Annual Message
52,John Tyler,"['Presidential', 'Written Messages', 'State of the Union Messages']","December 07, 1841","John Tyler, First Annual Message Online by Gerhard Peters and John T. Woolley, The American Presidency Project https://www.presidency.ucsb.edu/node/200524",First Annual Message
53,John Tyler,"['Presidential', 'Written Messages', 'State of the Union Messages']","December 06, 1842","John Tyler, Second Annual Message Online by Gerhard Peters and John T. Woolley, The American Presidency Project https://www.presidency.ucsb.edu/node/200532",Second Annual Message
54,John Tyler,"['Presidential', 'Written Messages', 'State of the Union Messages']","December 05, 1843","John Tyler, Third Annual Message Online by Gerhard Peters and John T. Woolley, The American Presidency Project https://www.presidency.ucsb.edu/node/200542",Third Annual Message
55,John Tyler,"['Presidential', 'Written Messages', 'State of the Union Messages']","December 03, 1844","John Tyler, Fourth Annual Message Online by Gerhard Peters and John T. Woolley, The American Presidency Project https://www.presidency.ucsb.edu/node/200538",Fourth Annual Message
56,James K. Polk,"['Presidential', 'Written Messages', 'State of the Union Messages']","December 02, 1845","James K. Polk, First Annual Message Online by Gerhard Peters and John T. Woolley, The American Presidency Project https://www.presidency.ucsb.edu/node/200590",First Annual Message
57,James K. Polk,"['Presidential', 'Written Messages', 'State of the Union Messages']","December 08, 1846","James K. Polk, Second Annual Message Online by Gerhard Peters and John T. Woolley, The American Presidency Project https://www.presidency.ucsb.edu/node/200600",Second Annual Message
58,James K. Polk,"['Presidential', 'Written Messages', 'State of the Union Messages']","December 07, 1847","James K. Polk, Third Annual Message Online by Gerhard Peters and John T. Woolley, The American Presidency Project https://www.presidency.ucsb.edu/node/200609",Third Annual Message
59,James K. Polk,"['Presidential', 'Written Messages', 'State of the Union Messages']","December 05, 1848","James K. Polk, Fourth Annual Message Online by Gerhard Peters and John T. Woolley, The American Presidency Project https://www.presidency.ucsb.edu/node/200618",Fourth Annual Message
60,Zachary Taylor,"['State of the Union Messages', 'Presidential', 'Budget']","December 04, 1849","Zachary Taylor, Annual Message Online by Gerhard Peters and John T. Woolley, The American Presidency Project https://www.presidency.ucsb.edu/node/201873",Annual Message
61,Millard Fillmore,"['Presidential', 'Written Messages', 'State of the Union Messages']","December 02, 1850","Millard Fillmore, First Annual Message Online by Gerhard Peters and John T. Woolley, The American Presidency Project https://www.presidency.ucsb.edu/node/200732",First Annual Message
62,Millard Fillmore,"['Presidential', 'Written Messages', 'State of the Union Messages']","December 02, 1851","Millard Fillmore, Second Annual Message Online by Gerhard Peters and John T. Woolley, The American Presidency Project https://www.presidency.ucsb.edu/node/200741",Second Annual Message
63,Millard Fillmore,"['Presidential', 'Written Messages', 'State of the Union Messages']","December 06, 1852","Millard Fillmore, Third Annual Message Online by Gerhard Peters and John T. Woolley, The American Presidency Project https://www.presidency.ucsb.edu/node/200748",Third Annual Message
64,Franklin Pierce,"['Presidential', 'Written Messages', 'State of the Union Messages']","December 05, 1853","Franklin Pierce, First Annual Message Online by Gerhard Peters and John T. Woolley, The American Presidency Project https://www.presidency.ucsb.edu/node/201860",First Annual Message
65,Franklin Pierce,"['Presidential', 'Written Messages', 'State of the Union Messages']","December 04, 1854","Franklin Pierce, Second Annual Message Online by Gerhard Peters and John T. Woolley, The American Presidency Project https://www.presidency.ucsb.edu/node/201880",Second Annual Message
66,Franklin Pierce,"['Presidential', 'Written Messages', 'State of the Union Messages']","December 31, 1855","Franklin Pierce, Third Annual Message Online by Gerhard Peters and John T. Woolley, The American Presidency Project https://www.presidency.ucsb.edu/node/201882",Third Annual Message
67,Franklin Pierce,"['Presidential', 'Written Messages', 'State of the Union Messages']","December 02, 1856","Franklin Pierce, Fourth Annual Message Online by Gerhard Peters and John T. Woolley, The American Presidency Project https://www.presidency.ucsb.edu/node/201883",Fourth Annual Message
68,James Buchanan,"['Presidential', 'Written Messages', 'State of the Union Messages']","December 08, 1857","James Buchanan, First Annual Message to Congress on the State of the Union Online by Gerhard Peters and John T. Woolley, The American Presidency Project https://www.presidency.ucsb.edu/node/202407",First Annual Message to Congress on the State of the Union
69,James Buchanan,"['Presidential', 'Written Messages', 'State of the Union Messages']","December 06, 1858","James Buchanan, Second Annual Message to Congress on the State of the Union Online by Gerhard Peters and John T. Woolley, The American Presidency Project https://www.presidency.ucsb.edu/node/202415",Second Annual Message to Congress on the State of the Union
70,James Buchanan,"['Presidential', 'Written Messages', 'State of the Union Messages']","December 19, 1859","James Buchanan, Third Annual Message to Congress on the State of the Union Online by Gerhard Peters and John T. Woolley, The American Presidency Project https://www.presidency.ucsb.edu/node/202424",Third Annual Message to Congress on the State of the Union
71,James Buchanan,"['Presidential', 'Written Messages', 'State of the Union Messages']","December 03, 1860","James Buchanan, Fourth Annual Message to Congress on the State of the Union Online by Gerhard Peters and John T. Woolley, The American Presidency Project https://www.presidency.ucsb.edu/node/202430",Fourth Annual Message to Congress on the State of the Union
72,Abraham Lincoln,"['Presidential', 'Written Messages', 'State of the Union Messages']","December 03, 1861","Abraham Lincoln, First Annual Message Online by Gerhard Peters and John T. Woolley, The American Presidency Project https://www.presidency.ucsb.edu/node/202175",First Annual Message
73,Abraham Lincoln,"['Presidential', 'Written Messages', 'State of the Union Messages']","December 01, 1862","Abraham Lincoln, Second Annual Message Online by Gerhard Peters and John T. Woolley, The American Presidency Project https://www.presidency.ucsb.edu/node/202180",Second Annual Message
74,Abraham Lincoln,"['Presidential', 'Written Messages', 'State of the Union Messages']","December 08, 1863","Abraham Lincoln, Third Annual Message Online by Gerhard Peters and John T. Woolley, The American Presidency Project https://www.presidency.ucsb.edu/node/202184",Third Annual Message
75,Abraham Lincoln,"['Presidential', 'Written Messages', 'State of the Union Messages']","December 06, 1864","Abraham Lincoln, Fourth Annual Message Online by Gerhard Peters and John T. Woolley, The American Presidency Project https://www.presidency.ucsb.edu/node/202188",Fourth Annual Message
76,Andrew Johnson,"['Presidential', 'Written Messages', 'State of the Union Messages']","December 04, 1865","Andrew Johnson, First Annual Message Online by Gerhard Peters and John T. Woolley, The American Presidency Project https://www.presidency.ucsb.edu/node/201985",First Annual Message
77,Andrew Johnson,"['Presidential', 'Written Messages', 'State of the Union Messages']","December 03, 1866","Andrew Johnson, Second Annual Message Online by Gerhard Peters and John T. Woolley, The American Presidency Project https://www.presidency.ucsb.edu/node/201994",Second Annual Message
78,Andrew Johnson,"['Presidential', 'Written Messages', 'State of the Union Messages']","December 03, 1867","Andrew Johnson, Third Annual Message Online by Gerhard Peters and John T. Woolley, The American Presidency Project https://www.presidency.ucsb.edu/node/201999",Third Annual Message
79,Andrew Johnson,"['Presidential', 'Written Messages', 'State of the Union Messages']","December 09, 1868","Andrew Johnson, Fourth Annual Message Online by Gerhard Peters and John T. Woolley, The American Presidency Project https://www.presidency.ucsb.edu/node/202005",Fourth Annual Message
80,Ulysses S. Grant,"['Presidential', 'Written Messages', 'State of the Union Messages']","December 06, 1869","Ulysses S. Grant, First Annual Message Online by Gerhard Peters and John T. Woolley, The American Presidency Project https://www.presidency.ucsb.edu/node/203724",First Annual Message
81,Ulysses S. Grant,"['Presidential', 'Written Messages', 'State of the Union Messages']","December 05, 1870","Ulysses S. Grant, Second Annual Message Online by Gerhard Peters and John T. Woolley, The American Presidency Project https://www.presidency.ucsb.edu/node/203728",Second Annual Message
82,Ulysses S. Grant,"['Presidential', 'Written Messages', 'State of the Union Messages']","December 04, 1871","Ulysses S. Grant, Third Annual Message Online by Gerhard Peters and John T. Woolley, The American Presidency Project https://www.presidency.ucsb.edu/node/203731",Third Annual Message
83,Ulysses S. Grant,"['Presidential', 'Written Messages', 'State of the Union Messages']","December 02, 1872","Ulysses S. Grant, Fourth Annual Message Online by Gerhard Peters and John T. Woolley, The American Presidency Project https://www.presidency.ucsb.edu/node/203736",Fourth Annual Message
84,Ulysses S. Grant,"['Presidential', 'Written Messages', 'State of the Union Messages']","December 01, 1873","Ulysses S. Grant, Fifth Annual Message Online by Gerhard Peters and John T. Woolley, The American Presidency Project https://www.presidency.ucsb.edu/node/203743",Fifth Annual Message
85,Ulysses S. Grant,"['Presidential', 'Written Messages', 'State of the Union Messages']","December 07, 1874","Ulysses S. Grant, Sixth Annual Message Online by Gerhard Peters and John T. Woolley, The American Presidency Project https://www.presidency.ucsb.edu/node/203757",Sixth Annual Message
86,Ulysses S. Grant,"['Presidential', 'Written Messages', 'State of the Union Messages']","December 07, 1875","Ulysses S. Grant, Seventh Annual Message Online by Gerhard Peters and John T. Woolley, The American Presidency Project https://www.presidency.ucsb.edu/node/203765",Seventh Annual Message
87,Ulysses S. Grant,"['Presidential', 'Written Messages', 'State of the Union Messages']","December 05, 1876","Ulysses S. Grant, Eighth Annual Message Online by Gerhard Peters and John T. Woolley, The American Presidency Project https://www.presidency.ucsb.edu/node/203770",Eighth Annual Message
88,Rutherford B. Hayes,"['Presidential', 'Written Messages', 'State of the Union Messages']","December 03, 1877","Rutherford B. Hayes, First Annual Message Online by Gerhard Peters and John T. Woolley, The American Presidency Project https://www.presidency.ucsb.edu/node/204239",First Annual Message
89,Rutherford B. Hayes,"['Presidential', 'Written Messages', 'State of the Union Messages']","December 02, 1878","Rutherford B. Hayes, Second Annual Message Online by Gerhard Peters and John T. Woolley, The American Presidency Project https://www.presidency.ucsb.edu/node/204246",Second Annual Message
90,Rutherford B. Hayes,"['Presidential', 'Written Messages', 'State of the Union Messages']","December 01, 1879","Rutherford B. Hayes, Third Annual Message Online by Gerhard Peters and John T. Woolley, The American Presidency Project https://www.presidency.ucsb.edu/node/204252",Third Annual Message
91,Rutherford B. Hayes,"['Presidential', 'Written Messages', 'State of the Union Messages']","December 06, 1880","Rutherford B. Hayes, Fourth Annual Message Online by Gerhard Peters and John T. Woolley, The American Presidency Project https://www.presidency.ucsb.edu/node/204258",Fourth Annual Message
92,Chester A. Arthur,"['Presidential', 'Written Messages', 'State of the Union Messages']","December 06, 1881","Chester A. Arthur, First Annual Message Online by Gerhard Peters and John T. Woolley, The American Presidency Project https://www.presidency.ucsb.edu/node/203844",First Annual Message
93,Chester A. Arthur,"['Presidential', 'Written Messages', 'State of the Union Messages']","December 04, 1882","Chester A. Arthur, Second Annual Message Online by Gerhard Peters and John T. Woolley, The American Presidency Project https://www.presidency.ucsb.edu/node/203854",Second Annual Message
94,Chester A. Arthur,"['Presidential', 'Written Messages', 'State of the Union Messages']","December 04, 1883","Chester A. Arthur, Third Annual Message Online by Gerhard Peters and John T. Woolley, The American Presidency Project https://www.presidency.ucsb.edu/node/203861",Third Annual Message
95,Chester A. Arthur,"['Presidential', 'Written Messages', 'State of the Union Messages']","December 01, 1884","Chester A. Arthur, Fourth Annual Message Online by Gerhard Peters and John T. Woolley, The American Presidency Project https://www.presidency.ucsb.edu/node/203865",Fourth Annual Message
96,Grover Cleveland,"['Presidential', 'Written Messages', 'State of the Union Messages']","December 08, 1885","Grover Cleveland, First Annual Message (first term) Online by Gerhard Peters and John T. Woolley, The American Presidency Project https://www.presidency.ucsb.edu/node/204032",First Annual Message (first term)
97,Grover Cleveland,"['Presidential', 'Written Messages', 'State of the Union Messages']","December 06, 1886","Grover Cleveland, Second Annual Message (first term) Online by Gerhard Peters and John T. Woolley, The American Presidency Project https://www.presidency.ucsb.edu/node/204038",Second Annual Message (first term)
98,Grover Cleveland,"['Presidential', 'Written Messages', 'State of the Union Messages']","December 06, 1887","Grover Cleveland, Third Annual Message (first term) Online by Gerhard Peters and John T. Woolley, The American Presidency Project https://www.presidency.ucsb.edu/node/204041",Third Annual Message (first term)
99,Grover Cleveland,"['Presidential', 'Written Messages', 'State of the Union Messages']","December 03, 1888","Grover Cleveland, Fourth Annual Message (first term) Online by Gerhard Peters and John T. Woolley, The American Presidency Project https://www.presidency.ucsb.edu/node/204047",Fourth Annual Message (first term)
100,Benjamin Harrison,"['Presidential', 'Written Messages', 'State of the Union Messages']","December 03, 1889","Benjamin Harrison, First Annual Message Online by Gerhard Peters and John T. Woolley, The American Presidency Project https://www.presidency.ucsb.edu/node/205150",First Annual Message
101,Benjamin Harrison,"['Presidential', 'Written Messages', 'State of the Union Messages']","December 01, 1890","Benjamin Harrison, Second Annual Message Online by Gerhard Peters and John T. Woolley, The American Presidency Project https://www.presidency.ucsb.edu/node/205158",Second Annual Message
102,Benjamin Harrison,"['Presidential', 'Written Messages', 'State of the Union Messages']","December 09, 1891","Benjamin Harrison, Third Annual Message Online by Gerhard Peters and John T. Woolley, The American Presidency Project https://www.presidency.ucsb.edu/node/205168",Third Annual Message
103,Benjamin Harrison,"['Presidential', 'Written Messages', 'State of the Union Messages']","December 06, 1892","Benjamin Harrison, Fourth Annual Message Online by Gerhard Peters and John T. Woolley, The American Presidency Project https://www.presidency.ucsb.edu/node/205173",Fourth Annual Message
104,Grover Cleveland,"['Presidential', 'Written Messages', 'State of the Union Messages']","December 04, 1893","Grover Cleveland, First Annual Message (second term) Online by Gerhard Peters and John T. Woolley, The American Presidency Project https://www.presidency.ucsb.edu/node/206263",First Annual Message (second term)
105,Grover Cleveland,"['Presidential', 'Written Messages', 'State of the Union Messages']","December 03, 1894","Grover Cleveland, Second Annual Message (second term) Online by Gerhard Peters and John T. Woolley, The American Presidency Project https://www.presidency.ucsb.edu/node/206266",Second Annual Message (second term)
106,Grover Cleveland,"['Presidential', 'Written Messages', 'State of the Union Messages']","December 02, 1895","Grover Cleveland, Third Annual Message (second term) Online by Gerhard Peters and John T. Woolley, The American Presidency Project https://www.presidency.ucsb.edu/node/206270",Third Annual Message (second term)
107,Grover Cleveland,"['Presidential', 'Written Messages', 'State of the Union Messages']","December 07, 1896","Grover Cleveland, Fourth Annual Message (second term) Online by Gerhard Peters and John T. Woolley, The American Presidency Project https://www.presidency.ucsb.edu/node/206273",Fourth Annual Message (second term)
108,William McKinley,"['Presidential', 'Written Messages', 'State of the Union Messages']","December 06, 1897","William McKinley, First Annual Message Online by Gerhard Peters and John T. Woolley, The American Presidency Project https://www.presidency.ucsb.edu/node/205322",First Annual Message
109,William McKinley,"['Presidential', 'Written Messages', 'State of the Union Messages']","December 05, 1898","William McKinley, Second Annual Message Online by Gerhard Peters and John T. Woolley, The American Presidency Project https://www.presidency.ucsb.edu/node/205329",Second Annual Message
110,William McKinley,"['Presidential', 'Written Messages', 'State of the Union Messages']","December 05, 1899","William McKinley, Third Annual Message Online by Gerhard Peters and John T. Woolley, The American Presidency Project https://www.presidency.ucsb.edu/node/205339",Third Annual Message
111,William McKinley,"['Presidential', 'Written Messages', 'State of the Union Messages']","December 03, 1900","William McKinley, Fourth Annual Message Online by Gerhard Peters and John T. Woolley, The American Presidency Project https://www.presidency.ucsb.edu/node/205344",Fourth Annual Message
112,Theodore Roosevelt,"['Presidential', 'Written Messages', 'State of the Union Messages']","December 03, 1901","Theodore Roosevelt, First Annual Message Online by Gerhard Peters and John T. Woolley, The American Presidency Project https://www.presidency.ucsb.edu/node/206187",First Annual Message
113,Theodore Roosevelt,"['Presidential', 'Written Messages', 'State of the Union Messages']","December 02, 1902","Theodore Roosevelt, Second Annual Message Online by Gerhard Peters and John T. Woolley, The American Presidency Project https://www.presidency.ucsb.edu/node/206194",Second Annual Message
114,Theodore Roosevelt,"['Presidential', 'Written Messages', 'State of the Union Messages']","December 07, 1903","Theodore Roosevelt, Third Annual Message Online by Gerhard Peters and John T. Woolley, The American Presidency Project https://www.presidency.ucsb.edu/node/206201",Third Annual Message
115,Theodore Roosevelt,"['Presidential', 'Written Messages', 'State of the Union Messages']","December 06, 1904","Theodore Roosevelt, Fourth Annual Message Online by Gerhard Peters and John T. Woolley, The American Presidency Project https://www.presidency.ucsb.edu/node/206208",Fourth Annual Message
116,Theodore Roosevelt,"['Presidential', 'Written Messages', 'State of the Union Messages']","December 05, 1905","Theodore Roosevelt, Fifth Annual Message Online by Gerhard Peters and John T. Woolley, The American Presidency Project https://www.presidency.ucsb.edu/node/206214",Fifth Annual Message
117,Theodore Roosevelt,"['Presidential', 'Written Messages', 'State of the Union Messages']","December 03, 1906","Theodore Roosevelt, Sixth Annual Message Online by Gerhard Peters and John T. Woolley, The American Presidency Project https://www.presidency.ucsb.edu/node/206216",Sixth Annual Message
118,Theodore Roosevelt,"['Presidential', 'Written Messages', 'State of the Union Messages']","December 03, 1907","Theodore Roosevelt, Seventh Annual Message Online by Gerhard Peters and John T. Woolley, The American Presidency Project https://www.presidency.ucsb.edu/node/206218",Seventh Annual Message
119,Theodore Roosevelt,"['Presidential', 'Written Messages', 'State of the Union Messages']","December 08, 1908","Theodore Roosevelt, Eighth Annual Message Online by Gerhard Peters and John T. Woolley, The American Presidency Project https://www.presidency.ucsb.edu/node/206223",Eighth Annual Message
120,William Howard Taft,"['Presidential', 'Written Messages', 'State of the Union Messages']","December 07, 1909","William Howard Taft, First Annual Message Online by Gerhard Peters and John T. Woolley, The American Presidency Project https://www.presidency.ucsb.edu/node/207229",First Annual Message
121,William Howard Taft,"['Presidential', 'Written Messages', 'State of the Union Messages']","December 06, 1910","William Howard Taft, Second Annual Message Online by Gerhard Peters and John T. Woolley, The American Presidency Project https://www.presidency.ucsb.edu/node/207231",Second Annual Message
122,William Howard Taft,"['Presidential', 'Written Messages', 'State of the Union Messages']","December 05, 1911","William Howard Taft, Third Annual Message Online by Gerhard Peters and John T. Woolley, The American Presidency Project https://www.presidency.ucsb.edu/node/207234",Third Annual Message
123,William Howard Taft,"['Presidential', 'Written Messages', 'State of the Union Messages']","December 03, 1912","William Howard Taft, Fourth Annual Message Online by Gerhard Peters and John T. Woolley, The American Presidency Project https://www.presidency.ucsb.edu/node/207239",Fourth Annual Message
124,Woodrow Wilson,"['Presidential', 'State of the Union Addresses', 'Spoken Addresses and Remarks', 'to Congress']","December 02, 1913","Woodrow Wilson, First Annual Message Online by Gerhard Peters and John T. Woolley, The American Presidency Project https://www.presidency.ucsb.edu/node/207582",First Annual Message
125,Woodrow Wilson,"['Presidential', 'State of the Union Addresses', 'Spoken Addresses and Remarks', 'to Congress']","December 08, 1914","Woodrow Wilson, Second Annual Message Online by Gerhard Peters and John T. Woolley, The American Presidency Project https://www.presidency.ucsb.edu/node/207586",Second Annual Message
126,Woodrow Wilson,"['Presidential', 'State of the Union Addresses', 'Spoken Addresses and Remarks', 'to Congress']","December 07, 1915","Woodrow Wilson, Third Annual Message Online by Gerhard Peters and John T. Woolley, The American Presidency Project https://www.presidency.ucsb.edu/node/207590",Third Annual Message
127,Woodrow Wilson,"['Presidential', 'State of the Union Addresses', 'Spoken Addresses and Remarks', 'to Congress']","December 05, 1916","Woodrow Wilson, Fourth Annual Message Online by Gerhard Peters and John T. Woolley, The American Presidency Project https://www.presidency.ucsb.edu/node/207595",Fourth Annual Message
128,Woodrow Wilson,"['Presidential', 'State of the Union Addresses', 'Spoken Addresses and Remarks', 'to Congress']","December 04, 1917","Woodrow Wilson, Fifth Annual Message Online by Gerhard Peters and John T. Woolley, The American Presidency Project https://www.presidency.ucsb.edu/node/207599",Fifth Annual Message
129,Woodrow Wilson,"['Presidential', 'State of the Union Addresses', 'Spoken Addresses and Remarks', 'to Congress']","December 02, 1918","Woodrow Wilson, Sixth Annual Message Online by Gerhard Peters and John T. Woolley, The American Presidency Project https://www.presidency.ucsb.edu/node/207603",Sixth Annual Message
130,Woodrow Wilson,"['Presidential', 'Written Messages', 'State of the Union Messages']","December 02, 1919","Woodrow Wilson, 7th Annual Message Online by Gerhard Peters and John T. Woolley, The American Presidency Project https://www.presidency.ucsb.edu/node/207605",7th Annual Message
131,Woodrow Wilson,"['Presidential', 'Written Messages', 'State of the Union Messages']","December 07, 1920","Woodrow Wilson, 8th Annual Message Online by Gerhard Peters and John T. Woolley, The American Presidency Project https://www.presidency.ucsb.edu/node/207615",8th Annual Message
132,Warren G. Harding,"['Presidential', 'State of the Union Addresses', 'Spoken Addresses and Remarks', 'to Congress']","December 06, 1921","Warren G. Harding, First Annual Message Online by Gerhard Peters and John T. Woolley, The American Presidency Project https://www.presidency.ucsb.edu/node/206691",First Annual Message
133,Warren G. Harding,"['Presidential', 'State of the Union Addresses', 'Spoken Addresses and Remarks', 'to Congress']","December 08, 1922","Warren G. Harding, Second Annual Message Online by Gerhard Peters and John T. Woolley, The American Presidency Project https://www.presidency.ucsb.edu/node/206696",Second Annual Message
134,Calvin Coolidge,"['Presidential', 'State of the Union Addresses', 'Spoken Addresses and Remarks', 'to Congress']","December 06, 1923","Calvin Coolidge, First Annual Message Online by Gerhard Peters and John T. Woolley, The American Presidency Project https://www.presidency.ucsb.edu/node/206712",First Annual Message
135,Calvin Coolidge,"['Presidential', 'Written Messages', 'State of the Union Messages']","December 03, 1924","Calvin Coolidge, Second Annual Message Online by Gerhard Peters and John T. Woolley, The American Presidency Project https://www.presidency.ucsb.edu/node/206715",Second Annual Message
136,Calvin Coolidge,"['Presidential', 'Written Messages', 'State of the Union Messages']","December 08, 1925","Calvin Coolidge, Third Annual Message Online by Gerhard Peters and John T. Woolley, The American Presidency Project https://www.presidency.ucsb.edu/node/206719",Third Annual Message
137,Calvin Coolidge,"['Presidential', 'Written Messages', 'State of the Union Messages']","December 07, 1926","Calvin Coolidge, Fourth Annual Message Online by Gerhard Peters and John T. Woolley, The American Presidency Project https://www.presidency.ucsb.edu/node/206730",Fourth Annual Message
138,Calvin Coolidge,"['Presidential', 'Written Messages', 'State of the Union Messages']","December 06, 1927","Calvin Coolidge, Fifth Annual Message Online by Gerhard Peters and John T. Woolley, The American Presidency Project https://www.presidency.ucsb.edu/node/206734",Fifth Annual Message
139,Calvin Coolidge,"['Presidential', 'Written Messages', 'State of the Union Messages']","December 04, 1928","Calvin Coolidge, Sixth Annual Message Online by Gerhard Peters and John T. Woolley, The American Presidency Project https://www.presidency.ucsb.edu/node/206737",Sixth Annual Message
140,Herbert Hoover,"['Presidential', 'Written Messages', 'State of the Union Messages']","December 03, 1929","Herbert Hoover, Annual Message to Congress on the State of the Union Online by Gerhard Peters and John T. Woolley, The American Presidency Project https://www.presidency.ucsb.edu/node/209213",Annual Message to Congress on the State of the Union
141,Herbert Hoover,"['Presidential', 'Written Messages', 'State of the Union Messages']","December 02, 1930","Herbert Hoover, Annual Message to the Congress on the State of the Union. Online by Gerhard Peters and John T. Woolley, The American Presidency Project https://www.presidency.ucsb.edu/node/210889",Annual Message to the Congress on the State of the Union.
142,Herbert Hoover,"['Presidential', 'Written Messages', 'State of the Union Messages']","December 08, 1931","Herbert Hoover, Annual Message to the Congress on the State of the Union. Online by Gerhard Peters and John T. Woolley, The American Presidency Project https://www.presidency.ucsb.edu/node/207027",Annual Message to the Congress on the State of the Union.
143,Herbert Hoover,"['Presidential', 'Written Messages', 'State of the Union Messages']","December 06, 1932","Herbert Hoover, Annual Message to the Congress on the State of the Union. Online by Gerhard Peters and John T. Woolley, The American Presidency Project https://www.presidency.ucsb.edu/node/207748",Annual Message to the Congress on the State of the Union.
144,Franklin D. Roosevelt,"['Presidential', 'State of the Union Addresses', 'Spoken Addresses and Remarks', 'to Congress']","January 03, 1934","Franklin D. Roosevelt, Annual Message to Congress Online by Gerhard Peters and John T. Woolley, The American Presidency Project https://www.presidency.ucsb.edu/node/208328",Annual Message to Congress
145,Franklin D. Roosevelt,"['Presidential', 'State of the Union Addresses', 'Spoken Addresses and Remarks', 'to Congress']","January 04, 1935","Franklin D. Roosevelt, Annual Message to Congress Online by Gerhard Peters and John T. Woolley, The American Presidency Project https://www.presidency.ucsb.edu/node/208864",Annual Message to Congress
146,Franklin D. Roosevelt,"['Presidential', 'State of the Union Addresses', 'Spoken Addresses and Remarks', 'to Congress']","January 03, 1936","Franklin D. Roosevelt, Annual Message to Congress Online by Gerhard Peters and John T. Woolley, The American Presidency Project https://www.presidency.ucsb.edu/node/208916",Annual Message to Congress
147,Franklin D. Roosevelt,"['Presidential', 'State of the Union Addresses', 'Spoken Addresses and Remarks', 'to Congress']","January 06, 1937","Franklin D. Roosevelt, Annual Message to Congress Online by Gerhard Peters and John T. Woolley, The American Presidency Project https://www.presidency.ucsb.edu/node/209043",Annual Message to Congress
148,Franklin D. Roosevelt,"['Presidential', 'State of the Union Addresses', 'Spoken Addresses and Remarks', 'to Congress']","January 03, 1938","Franklin D. Roosevelt, Annual Message to Congress Online by Gerhard Peters and John T. Woolley, The American Presidency Project https://www.presidency.ucsb.edu/node/209087",Annual Message to Congress
149,Franklin D. Roosevelt,"['Presidential', 'State of the Union Addresses', 'Spoken Addresses and Remarks', 'to Congress']","January 04, 1939","Franklin D. Roosevelt, Annual Message to Congress Online by Gerhard Peters and John T. Woolley, The American Presidency Project https://www.presidency.ucsb.edu/node/209128",Annual Message to Congress
150,Franklin D. Roosevelt,"['Presidential', 'State of the Union Addresses', 'Spoken Addresses and Remarks', 'to Congress']","January 03, 1940","Franklin D. Roosevelt, Annual Message to the Congress Online by Gerhard Peters and John T. Woolley, The American Presidency Project https://www.presidency.ucsb.edu/node/210437",Annual Message to the Congress
151,Franklin D. Roosevelt,"['Presidential', 'State of the Union Addresses', 'Spoken Addresses and Remarks', 'to Congress']","January 06, 1941","Franklin D. Roosevelt, Annual Message to Congress on the State of the Union Online by Gerhard Peters and John T. Woolley, The American Presidency Project https://www.presidency.ucsb.edu/node/209473",Annual Message to Congress on the State of the Union
152,Franklin D. Roosevelt,"['Presidential', 'State of the Union Addresses', 'Spoken Addresses and Remarks', 'to Congress']","January 06, 1942","Franklin D. Roosevelt, State of the Union Address Online by Gerhard Peters and John T. Woolley, The American Presidency Project https://www.presidency.ucsb.edu/node/210559",State of the Union Address
153,Franklin D. Roosevelt,"['Presidential', 'State of the Union Addresses', 'Spoken Addresses and Remarks', 'to Congress']","January 07, 1943","Franklin D. Roosevelt, State of the Union Address Online by Gerhard Peters and John T. Woolley, The American Presidency Project https://www.presidency.ucsb.edu/node/209971",State of the Union Address
154,Franklin D. Roosevelt,"['Presidential', 'State of the Union Messages', 'Messages', 'to Congress']","January 11, 1944","Franklin D. Roosevelt, State of the Union Message to Congress Online by Gerhard Peters and John T. Woolley, The American Presidency Project https://www.presidency.ucsb.edu/node/210825",State of the Union Message to Congress
155,Franklin D. Roosevelt,"['Presidential', 'Spoken Addresses and Remarks', 'State of the Union Messages', 'Major to Nation']","January 11, 1944","Franklin D. Roosevelt, State of the Union Radio Address to the Nation Online by Gerhard Peters and John T. Woolley, The American Presidency Project https://www.presidency.ucsb.edu/node/268064",State of the Union Radio Address to the Nation
156,Franklin D. Roosevelt,"['Presidential', 'Written Messages', 'State of the Union Messages']","January 06, 1945","Franklin D. Roosevelt, State of the Union Address. Online by Gerhard Peters and John T. Woolley, The American Presidency Project https://www.presidency.ucsb.edu/node/210062",State of the Union Address.
157,Harry S. Truman,"['Presidential', 'State of the Union Addresses', 'Spoken Addresses and Remarks', 'to Congress']","January 06, 1947","Harry S. Truman, Annual Message to the Congress on the State of the Union Online by Gerhard Peters and John T. Woolley, The American Presidency Project https://www.presidency.ucsb.edu/node/232364",Annual Message to the Congress on the State of the Union
158,Harry S. Truman,"['Presidential', 'State of the Union Addresses', 'Spoken Addresses and Remarks', 'to Congress']","January 07, 1948","Harry S. Truman, Annual Message to the Congress on the State of the Union Online by Gerhard Peters and John T. Woolley, The American Presidency Project https://www.presidency.ucsb.edu/node/232897",Annual Message to the Congress on the State of the Union
159,Harry S. Truman,"['Presidential', 'State of the Union Addresses', 'Spoken Addresses and Remarks', 'to Congress']","January 05, 1949","Harry S. Truman, Annual Message to the Congress on the State of the Union Online by Gerhard Peters and John T. Woolley, The American Presidency Project https://www.presidency.ucsb.edu/node/230007",Annual Message to the Congress on the State of the Union
160,Harry S. Truman,"['Presidential', 'State of the Union Addresses', 'Spoken Addresses and Remarks', 'to Congress']","January 04, 1950","Harry S. Truman, Annual Message to the Congress on the State of the Union Online by Gerhard Peters and John T. Woolley, The American Presidency Project https://www.presidency.ucsb.edu/node/231027",Annual Message to the Congress on the State of the Union
161,Harry S. Truman,"['Presidential', 'State of the Union Addresses', 'Spoken Addresses and Remarks', 'to Congress']","January 08, 1951","Harry S. Truman, Annual Message to the Congress on the State of the Union Online by Gerhard Peters and John T. Woolley, The American Presidency Project https://www.presidency.ucsb.edu/node/231403",Annual Message to the Congress on the State of the Union
162,Harry S. Truman,"['Presidential', 'State of the Union Addresses', 'Spoken Addresses and Remarks', 'to Congress']","January 09, 1952","Harry S. Truman, Annual Message to the Congress on the State of the Union Online by Gerhard Peters and John T. Woolley, The American Presidency Project https://www.presidency.ucsb.edu/node/231465",Annual Message to the Congress on the State of the Union
163,Harry S. Truman,"['Presidential', 'Written Messages', 'State of the Union Messages']","January 07, 1953","Harry S. Truman, Annual Message to the Congress on the State of the Union. Online by Gerhard Peters and John T. Woolley, The American Presidency Project https://www.presidency.ucsb.edu/node/231314",Annual Message to the Congress on the State of the Union.
164,Dwight D. Eisenhower,"['Presidential', 'State of the Union Addresses', 'Spoken Addresses and Remarks', 'to Congress']","February 02, 1953","Dwight D. Eisenhower, Annual Message to the Congress on the State of the Union Online by Gerhard Peters and John T. Woolley, The American Presidency Project https://www.presidency.ucsb.edu/node/231684",Annual Message to the Congress on the State of the Union
165,Dwight D. Eisenhower,"['Presidential', 'State of the Union Addresses', 'Spoken Addresses and Remarks', 'to Congress']","January 07, 1954","Dwight D. Eisenhower, Annual Message to the Congress on the State of the Union Online by Gerhard Peters and John T. Woolley, The American Presidency Project https://www.presidency.ucsb.edu/node/232936",Annual Message to the Congress on the State of the Union
166,Dwight D. Eisenhower,"['Presidential', 'State of the Union Addresses', 'Spoken Addresses and Remarks', 'to Congress']","January 06, 1955","Dwight D. Eisenhower, Annual Message to the Congress on the State of the Union Online by Gerhard Peters and John T. Woolley, The American Presidency Project https://www.presidency.ucsb.edu/node/233954",Annual Message to the Congress on the State of the Union
167,Dwight D. Eisenhower,"['Presidential', 'Written Messages', 'State of the Union Messages']","January 05, 1956","Dwight D. Eisenhower, Annual Message to the Congress on the State of the Union. Online by Gerhard Peters and John T. Woolley, The American Presidency Project https://www.presidency.ucsb.edu/node/233132",Annual Message to the Congress on the State of the Union.
168,Dwight D. Eisenhower,"['Presidential', 'State of the Union Addresses', 'Spoken Addresses and Remarks', 'to Congress']","January 10, 1957","Dwight D. Eisenhower, Annual Message to the Congress on the State of the Union Online by Gerhard Peters and John T. Woolley, The American Presidency Project https://www.presidency.ucsb.edu/node/233260",Annual Message to the Congress on the State of the Union
169,Dwight D. Eisenhower,"['Presidential', 'State of the Union Addresses', 'Spoken Addresses and Remarks', 'to Congress']","January 09, 1958","Dwight D. Eisenhower, Annual Message to the Congress on the State of the Union Online by Gerhard Peters and John T. Woolley, The American Presidency Project https://www.presidency.ucsb.edu/node/233817",Annual Message to the Congress on the State of the Union
170,Dwight D. Eisenhower,"['Presidential', 'State of the Union Addresses', 'Spoken Addresses and Remarks', 'to Congress']","January 09, 1959","Dwight D. Eisenhower, Annual Message to the Congress on the State of the Union. Online by Gerhard Peters and John T. Woolley, The American Presidency Project https://www.presidency.ucsb.edu/node/235339",Annual Message to the Congress on the State of the Union.
171,Dwight D. Eisenhower,"['Presidential', 'State of the Union Addresses', 'Spoken Addresses and Remarks', 'to Congress']","January 07, 1960","Dwight D. Eisenhower, Annual Message to the Congress on the State of the Union. Online by Gerhard Peters and John T. Woolley, The American Presidency Project https://www.presidency.ucsb.edu/node/234770",Annual Message to the Congress on the State of the Union.
172,Dwight D. Eisenhower,"['Presidential', 'Written Messages', 'State of the Union Messages']","January 12, 1961","Dwight D. Eisenhower, Annual Message to the Congress on the State of the Union. Online by Gerhard Peters and John T. Woolley, The American Presidency Project https://www.presidency.ucsb.edu/node/234806",Annual Message to the Congress on the State of the Union.
173,John F. Kennedy,"['Presidential', 'State of the Union Addresses', 'Spoken Addresses and Remarks', 'to Congress']","January 30, 1961","John F. Kennedy, Annual Message to the Congress on the State of the Union Online by Gerhard Peters and John T. Woolley, The American Presidency Project https://www.presidency.ucsb.edu/node/234534",Annual Message to the Congress on the State of the Union
174,John F. Kennedy,"['Presidential', 'State of the Union Addresses', 'Spoken Addresses and Remarks', 'to Congress']","January 11, 1962","John F. Kennedy, Annual Message to the Congress on the State of the Union. Online by Gerhard Peters and John T. Woolley, The American Presidency Project https://www.presidency.ucsb.edu/node/236917",Annual Message to the Congress on the State of the Union.
175,John F. Kennedy,"['Presidential', 'State of the Union Addresses', 'Spoken Addresses and Remarks', 'to Congress']","January 14, 1963","John F. Kennedy, Annual Message to the Congress on the State of the Union. Online by Gerhard Peters and John T. Woolley, The American Presidency Project https://www.presidency.ucsb.edu/node/237129",Annual Message to the Congress on the State of the Union.
176,Lyndon B. Johnson,"['Presidential', 'State of the Union Addresses', 'Spoken Addresses and Remarks', 'to Congress']","January 08, 1964","Lyndon B. Johnson, Annual Message to the Congress on the State of the Union. Online by Gerhard Peters and John T. Woolley, The American Presidency Project https://www.presidency.ucsb.edu/node/242292",Annual Message to the Congress on the State of the Union.
177,Lyndon B. Johnson,"['Presidential', 'State of the Union Addresses', 'Spoken Addresses and Remarks', 'to Congress']","January 04, 1965","Lyndon B. Johnson, Annual Message to the Congress on the State of the Union Online by Gerhard Peters and John T. Woolley, The American Presidency Project https://www.presidency.ucsb.edu/node/241819",Annual Message to the Congress on the State of the Union
178,Lyndon B. Johnson,"['Presidential', 'State of the Union Addresses', 'Spoken Addresses and Remarks', 'to Congress']","January 12, 1966","Lyndon B. Johnson, Annual Message to the Congress on the State of the Union. Online by Gerhard Peters and John T. Woolley, The American Presidency Project https://www.presidency.ucsb.edu/node/238437",Annual Message to the Congress on the State of the Union.
179,Lyndon B. Johnson,"['Presidential', 'State of the Union Addresses', 'Spoken Addresses and Remarks', 'to Congress']","January 10, 1967","Lyndon B. Johnson, Annual Message to the Congress on the State of the Union. Online by Gerhard Peters and John T. Woolley, The American Presidency Project https://www.presidency.ucsb.edu/node/238176",Annual Message to the Congress on the State of the Union.
180,Lyndon B. Johnson,"['Presidential', 'State of the Union Addresses', 'Spoken Addresses and Remarks', 'to Congress']","January 17, 1968","Lyndon B. Johnson, Annual Message to the Congress on the State of the Union. Online by Gerhard Peters and John T. Woolley, The American Presidency Project https://www.presidency.ucsb.edu/node/237325",Annual Message to the Congress on the State of the Union.
181,Lyndon B. Johnson,"['Presidential', 'State of the Union Addresses', 'Spoken Addresses and Remarks', 'to Congress']","January 14, 1969","Lyndon B. Johnson, Annual Message to the Congress on the State of the Union Online by Gerhard Peters and John T. Woolley, The American Presidency Project https://www.presidency.ucsb.edu/node/236130",Annual Message to the Congress on the State of the Union
182,Richard Nixon,"['Presidential', 'State of the Union Addresses', 'Spoken Addresses and Remarks', 'to Congress']","January 22, 1970","Richard Nixon, Annual Message to the Congress on the State of the Union. Online by Gerhard Peters and John T. Woolley, The American Presidency Project https://www.presidency.ucsb.edu/node/241063",Annual Message to the Congress on the State of the Union.
183,Richard Nixon,"['Presidential', 'State of the Union Addresses', 'Spoken Addresses and Remarks', 'to Congress']","January 22, 1971","Richard Nixon, Annual Message to the Congress on the State of the Union. Online by Gerhard Peters and John T. Woolley, The American Presidency Project https://www.presidency.ucsb.edu/node/240562",Annual Message to the Congress on the State of the Union.
184,Richard Nixon,"['Presidential', 'Written Messages', 'State of the Union Messages']","January 20, 1972","Richard Nixon, Annual Message to the Congress on the State of the Union. Online by Gerhard Peters and John T. Woolley, The American Presidency Project https://www.presidency.ucsb.edu/node/254763",Annual Message to the Congress on the State of the Union.
185,Richard Nixon,"['Presidential', 'State of the Union Addresses', 'Spoken Addresses and Remarks', 'to Congress']","January 20, 1972","Richard Nixon, Address on the State of the Union Delivered Before a Joint Session of the Congress. Online by Gerhard Peters and John T. Woolley, The American Presidency Project https://www.presidency.ucsb.edu/node/254749",Address on the State of the Union Delivered Before a Joint Session of the Congress.
186,Richard Nixon,"['Presidential', 'Written Messages', 'State of the Union Messages']","February 02, 1973","Richard Nixon, State of the Union Message to the Congress: Overview and Goals Online by Gerhard Peters and John T. Woolley, The American Presidency Project https://www.presidency.ucsb.edu/node/255358",State of the Union Message to the Congress: Overview and Goals
187,Richard Nixon,"['Presidential', 'Written Messages', 'State of the Union Messages']","February 15, 1973","Richard Nixon, State of the Union Message to the Congress on Natural Resources and the Environment Online by Gerhard Peters and John T. Woolley, The American Presidency Project https://www.presidency.ucsb.edu/node/255945",State of the Union Message to the Congress on Natural Resources and the Environment
188,Richard Nixon,"['Presidential', 'Written Messages', 'State of the Union Messages']","February 22, 1973","Richard Nixon, State of the Union Message to the Congress on the Economy Online by Gerhard Peters and John T. Woolley, The American Presidency Project https://www.presidency.ucsb.edu/node/256029",State of the Union Message to the Congress on the Economy
189,Richard Nixon,"['Presidential', 'Written Messages', 'State of the Union Messages']","March 01, 1973","Richard Nixon, State of the Union Message to the Congress on Human Resources Online by Gerhard Peters and John T. Woolley, The American Presidency Project https://www.presidency.ucsb.edu/node/256088",State of the Union Message to the Congress on Human Resources
190,Richard Nixon,"['Presidential', 'Written Messages', 'State of the Union Messages']","March 08, 1973","Richard Nixon, State of the Union Message to the Congress on Community Development Online by Gerhard Peters and John T. Woolley, The American Presidency Project https://www.presidency.ucsb.edu/node/256178",State of the Union Message to the Congress on Community Development
191,Richard Nixon,"['Presidential', 'Written Messages', 'State of the Union Messages']","March 14, 1973","Richard Nixon, State of the Union Message to the Congress on Law Enforcement and Drug Abuse Prevention Online by Gerhard Peters and John T. Woolley, The American Presidency Project https://www.presidency.ucsb.edu/node/256237",State of the Union Message to the Congress on Law Enforcement and Drug Abuse Prevention
192,Richard Nixon,"['Presidential', 'Written Messages', 'State of the Union Messages']","January 30, 1974","Richard Nixon, Annual Message to the Congress on the State of the Union Online by Gerhard Peters and John T. Woolley, The American Presidency Project https://www.presidency.ucsb.edu/node/256219",Annual Message to the Congress on the State of the Union
193,Richard Nixon,"['Presidential', 'State of the Union Addresses', 'Spoken Addresses and Remarks', 'to Congress']","January 30, 1974","Richard Nixon, Address on the State of the Union Delivered Before a Joint Session of the Congress Online by Gerhard Peters and John T. Woolley, The American Presidency Project https://www.presidency.ucsb.edu/node/256218",Address on the State of the Union Delivered Before a Joint Session of the Congress
194,Gerald R. Ford,"['Presidential', 'State of the Union Addresses', 'Spoken Addresses and Remarks', 'to Congress']","January 15, 1975","Gerald R. Ford, Address Before a Joint Session of the Congress Reporting on the State of the Union. Online by Gerhard Peters and John T. Woolley, The American Presidency Project https://www.presidency.ucsb.edu/node/256753",Address Before a Joint Session of the Congress Reporting on the State of the Union.
195,Gerald R. Ford,"['Presidential', 'State of the Union Addresses', 'Spoken Addresses and Remarks', 'to Congress']","January 19, 1976","Gerald R. Ford, Address Before a Joint Session of the Congress Reporting on the State of the Union. Online by Gerhard Peters and John T. Woolley, The American Presidency Project https://www.presidency.ucsb.edu/node/257493",Address Before a Joint Session of the Congress Reporting on the State of the Union.
196,Gerald R. Ford,"['Presidential', 'State of the Union Addresses', 'Spoken Addresses and Remarks', 'to Congress']","January 12, 1977","Gerald R. Ford, Address Before a Joint Session of the Congress Reporting on the State of the Union Online by Gerhard Peters and John T. Woolley, The American Presidency Project https://www.presidency.ucsb.edu/node/257781",Address Before a Joint Session of the Congress Reporting on the State of the Union
197,Jimmy Carter,"['Presidential', 'Written Messages', 'State of the Union Messages']","January 19, 1978","Jimmy Carter, The State of the Union Annual Message to the Congress Online by Gerhard Peters and John T. Woolley, The American Presidency Project https://www.presidency.ucsb.edu/node/245130",The State of the Union Annual Message to the Congress
198,Jimmy Carter,"['Presidential', 'State of the Union Addresses', 'Spoken Addresses and Remarks', 'to Congress']","January 19, 1978","Jimmy Carter, The State of the Union Address Delivered Before a Joint Session of the Congress.  Online by Gerhard Peters and John T. Woolley, The American Presidency Project https://www.presidency.ucsb.edu/node/245063",The State of the Union Address Delivered Before a Joint Session of the Congress.
199,Jimmy Carter,"['Presidential', 'State of the Union Addresses', 'Spoken Addresses and Remarks', 'to Congress']","January 23, 1979","Jimmy Carter, The State of the Union Address Delivered Before a Joint Session of the Congress.  Online by Gerhard Peters and John T. Woolley, The American Presidency Project https://www.presidency.ucsb.edu/node/249816",The State of the Union Address Delivered Before a Joint Session of the Congress.
200,Jimmy Carter,"['Presidential', 'Written Messages', 'State of the Union Messages']","January 25, 1979","Jimmy Carter, The State of the Union Annual Message to the Congress Online by Gerhard Peters and John T. Woolley, The American Presidency Project https://www.presidency.ucsb.edu/node/250253",The State of the Union Annual Message to the Congress
201,Jimmy Carter,"['Presidential', 'Written Messages', 'State of the Union Messages']","January 21, 1980","Jimmy Carter, The State of the Union Annual Message to the Congress Online by Gerhard Peters and John T. Woolley, The American Presidency Project https://www.presidency.ucsb.edu/node/249581",The State of the Union Annual Message to the Congress
202,Jimmy Carter,"['Presidential', 'State of the Union Addresses', 'Spoken Addresses and Remarks', 'to Congress']","January 23, 1980","Jimmy Carter, The State of the Union Address Delivered Before a Joint Session of the Congress.  Online by Gerhard Peters and John T. Woolley, The American Presidency Project https://www.presidency.ucsb.edu/node/249681",The State of the Union Address Delivered Before a Joint Session of the Congress.
203,Jimmy Carter,"['Presidential', 'Written Messages', 'State of the Union Messages']","January 16, 1981","Jimmy Carter, The State of the Union Annual Message to the Congress Online by Gerhard Peters and John T. Woolley, The American Presidency Project https://www.presidency.ucsb.edu/node/250760",The State of the Union Annual Message to the Congress
204,Ronald Reagan,"['Presidential', 'State of the Union Addresses', 'Spoken Addresses and Remarks', 'to Congress']","January 26, 1982","Ronald Reagan, Address Before a Joint Session of the Congress Reporting on the State of the Union  Online by Gerhard Peters and John T. Woolley, The American Presidency Project https://www.presidency.ucsb.edu/node/245636",Address Before a Joint Session of the Congress Reporting on the State of the Union
205,Ronald Reagan,"['Presidential', 'State of the Union Addresses', 'Spoken Addresses and Remarks', 'to Congress']","January 25, 1983","Ronald Reagan, Address Before a Joint Session of the Congress on the State of the Union  Online by Gerhard Peters and John T. Woolley, The American Presidency Project https://www.presidency.ucsb.edu/node/263103",Address Before a Joint Session of the Congress on the State of the Union
206,Ronald Reagan,"['Presidential', 'State of the Union Addresses', 'Spoken Addresses and Remarks', 'to Congress']","January 25, 1984","Ronald Reagan, Address Before a Joint Session of the Congress on the State of the Union  Online by Gerhard Peters and John T. Woolley, The American Presidency Project https://www.presidency.ucsb.edu/node/261634",Address Before a Joint Session of the Congress on the State of the Union
207,Ronald Reagan,"['Presidential', 'State of the Union Addresses', 'Spoken Addresses and Remarks', 'to Congress']","February 06, 1985","Ronald Reagan, Address Before a Joint Session of the Congress on the State of the Union  Online by Gerhard Peters and John T. Woolley, The American Presidency Project https://www.presidency.ucsb.edu/node/258923",Address Before a Joint Session of the Congress on the State of the Union
208,Ronald Reagan,"['Presidential', 'State of the Union Addresses', 'Spoken Addresses and Remarks', 'to Congress']","February 04, 1986","Ronald Reagan, Address Before a Joint Session of Congress on the State of the Union  Online by Gerhard Peters and John T. Woolley, The American Presidency Project https://www.presidency.ucsb.edu/node/254269",Address Before a Joint Session of Congress on the State of the Union
209,Ronald Reagan,"['Presidential', 'State of the Union Addresses', 'Spoken Addresses and Remarks', 'to Congress']","January 27, 1987","Ronald Reagan, Address Before a Joint Session of Congress on the State of the Union  Online by Gerhard Peters and John T. Woolley, The American Presidency Project https://www.presidency.ucsb.edu/node/252758",Address Before a Joint Session of Congress on the State of the Union
210,Ronald Reagan,"['Presidential', 'State of the Union Addresses', 'Spoken Addresses and Remarks', 'to Congress']","January 25, 1988","Ronald Reagan, Address Before a Joint Session of Congress on the State of the Union  Online by Gerhard Peters and John T. Woolley, The American Presidency Project https://www.presidency.ucsb.edu/node/255154",Address Before a Joint Session of Congress on the State of the Union
211,George Bush,"['Presidential', 'State of the Union Addresses', 'Spoken Addresses and Remarks', 'to Congress']","January 31, 1990","George Bush, Address Before a Joint Session of the Congress on the State of the Union Online by Gerhard Peters and John T. Woolley, The American Presidency Project https://www.presidency.ucsb.edu/node/263819",Address Before a Joint Session of the Congress on the State of the Union
212,George Bush,"['Presidential', 'State of the Union Addresses', 'Spoken Addresses and Remarks', 'to Congress']","January 29, 1991","George Bush, Address Before a Joint Session of the Congress on the State of the Union Online by Gerhard Peters and John T. Woolley, The American Presidency Project https://www.presidency.ucsb.edu/node/265956",Address Before a Joint Session of the Congress on the State of the Union
213,George Bush,"['Presidential', 'State of the Union Addresses', 'Spoken Addresses and Remarks', 'to Congress']","January 28, 1992","George Bush, Address Before a Joint Session of the Congress on the State of the Union Online by Gerhard Peters and John T. Woolley, The American Presidency Project https://www.presidency.ucsb.edu/node/266921",Address Before a Joint Session of the Congress on the State of the Union
214,William J. Clinton,"['Presidential', 'State of the Union Addresses', 'Spoken Addresses and Remarks', 'to Congress']","January 25, 1994","William J. Clinton, Address Before a Joint Session of the Congress on the State of the Union Online by Gerhard Peters and John T. Woolley, The American Presidency Project https://www.presidency.ucsb.edu/node/219941",Address Before a Joint Session of the Congress on the State of the Union
215,William J. Clinton,"['Presidential', 'State of the Union Addresses', 'Spoken Addresses and Remarks', 'to Congress']","January 24, 1995","William J. Clinton, Address Before a Joint Session of the Congress on the State of the Union Online by Gerhard Peters and John T. Woolley, The American Presidency Project https://www.presidency.ucsb.edu/node/221902",Address Before a Joint Session of the Congress on the State of the Union
216,William J. Clinton,"['Presidential', 'State of the Union Addresses', 'Spoken Addresses and Remarks', 'to Congress']","January 23, 1996","William J. Clinton, Address Before a Joint Session of the Congress on the State of the Union Online by Gerhard Peters and John T. Woolley, The American Presidency Project https://www.presidency.ucsb.edu/node/223046",Address Before a Joint Session of the Congress on the State of the Union
217,William J. Clinton,"['Presidential', 'State of the Union Addresses', 'Spoken Addresses and Remarks', 'to Congress']","February 04, 1997","William J. Clinton, Address Before a Joint Session of the Congress on the State of the Union Online by Gerhard Peters and John T. Woolley, The American Presidency Project https://www.presidency.ucsb.edu/node/223396",Address Before a Joint Session of the Congress on the State of the Union
218,William J. Clinton,"['Presidential', 'State of the Union Addresses', 'Spoken Addresses and Remarks', 'to Congress']","January 27, 1998","William J. Clinton, Address Before a Joint Session of the Congress on the State of the Union Online by Gerhard Peters and John T. Woolley, The American Presidency Project https://www.presidency.ucsb.edu/node/226032",Address Before a Joint Session of the Congress on the State of the Union
219,William J. Clinton,"['Presidential', 'State of the Union Addresses', 'Spoken Addresses and Remarks', 'to Congress']","January 19, 1999","William J. Clinton, Address Before a Joint Session of the Congress on the State of the Union Online by Gerhard Peters and John T. Woolley, The American Presidency Project https://www.presidency.ucsb.edu/node/230240",Address Before a Joint Session of the Congress on the State of the Union
220,William J. Clinton,"['Presidential', 'State of the Union Addresses', 'Spoken Addresses and Remarks', 'to Congress']","January 27, 2000","William J. Clinton, Address Before a Joint Session of the Congress on the State of the Union Online by Gerhard Peters and John T. Woolley, The American Presidency Project https://www.presidency.ucsb.edu/node/227524",Address Before a Joint Session of the Congress on the State of the Union
221,George W. Bush,"['Presidential', 'State of the Union Addresses', 'Spoken Addresses and Remarks', 'to Congress']","January 29, 2002","George W. Bush, Address Before a Joint Session of the Congress on the State of the Union Online by Gerhard Peters and John T. Woolley, The American Presidency Project https://www.presidency.ucsb.edu/node/211864",Address Before a Joint Session of the Congress on the State of the Union
222,George W. Bush,"['Presidential', 'State of the Union Addresses', 'Spoken Addresses and Remarks', 'to Congress']","January 28, 2003","George W. Bush, Address Before a Joint Session of the Congress on the State of the Union Online by Gerhard Peters and John T. Woolley, The American Presidency Project https://www.presidency.ucsb.edu/node/211931",Address Before a Joint Session of the Congress on the State of the Union
223,George W. Bush,"['Presidential', 'State of the Union Addresses', 'Spoken Addresses and Remarks', 'to Congress']","January 20, 2004","George W. Bush, Address Before a Joint Session of the Congress on the State of the Union Online by Gerhard Peters and John T. Woolley, The American Presidency Project https://www.presidency.ucsb.edu/node/211969",Address Before a Joint Session of the Congress on the State of the Union
224,George W. Bush,"['Presidential', 'State of the Union Addresses', 'Spoken Addresses and Remarks', 'to Congress']","February 02, 2005","George W. Bush, Address Before a Joint Session of the Congress on the State of the Union Online by Gerhard Peters and John T. Woolley, The American Presidency Project https://www.presidency.ucsb.edu/node/211758",Address Before a Joint Session of the Congress on the State of the Union
225,George W. Bush,"['Presidential', 'State of the Union Addresses', 'Spoken Addresses and Remarks', 'to Congress']","January 31, 2006","George W. Bush, Address Before a Joint Session of the Congress on the State of the Union Online by Gerhard Peters and John T. Woolley, The American Presidency Project https://www.presidency.ucsb.edu/node/214381",Address Before a Joint Session of the Congress on the State of the Union
226,George W. Bush,"['Presidential', 'State of the Union Addresses', 'Spoken Addresses and Remarks', 'to Congress']","January 23, 2007","George W. Bush, Address Before a Joint Session of the Congress on the State of the Union Online by Gerhard Peters and John T. Woolley, The American Presidency Project https://www.presidency.ucsb.edu/node/269307",Address Before a Joint Session of the Congress on the State of the Union
227,George W. Bush,"['Presidential', 'State of the Union Addresses', 'Spoken Addresses and Remarks', 'to Congress']","January 28, 2008","George W. Bush, Address Before a Joint Session of the Congress on the State of the Union Online by Gerhard Peters and John T. Woolley, The American Presidency Project https://www.presidency.ucsb.edu/node/277182",Address Before a Joint Session of the Congress on the State of the Union
228,Barack Obama,"['Presidential', 'State of the Union Addresses', 'Spoken Addresses and Remarks', 'to Congress']","January 27, 2010","Barack Obama, Address Before a Joint Session of the Congress on the State of the Union Online by Gerhard Peters and John T. Woolley, The American Presidency Project https://www.presidency.ucsb.edu/node/287936",Address Before a Joint Session of the Congress on the State of the Union
229,Barack Obama,"['Presidential', 'State of the Union Addresses', 'Spoken Addresses and Remarks', 'to Congress']","January 25, 2011","Barack Obama, Address Before a Joint Session of the Congress on the State of the Union Online by Gerhard Peters and John T. Woolley, The American Presidency Project https://www.presidency.ucsb.edu/node/289120",Address Before a Joint Session of the Congress on the State of the Union
230,Barack Obama,"['Presidential', 'State of the Union Addresses', 'Spoken Addresses and Remarks', 'to Congress']","January 24, 2012","Barack Obama, Address Before a Joint Session of the Congress on the State of the Union Online by Gerhard Peters and John T. Woolley, The American Presidency Project https://www.presidency.ucsb.edu/node/299426",Address Before a Joint Session of the Congress on the State of the Union
231,Barack Obama,"['Presidential', 'State of the Union Addresses', 'Spoken Addresses and Remarks', 'to Congress']","February 12, 2013","Barack Obama, Address Before a Joint Session of Congress on the State of the Union Online by Gerhard Peters and John T. Woolley, The American Presidency Project https://www.presidency.ucsb.edu/node/303424",Address Before a Joint Session of Congress on the State of the Union
232,Barack Obama,"['Presidential', 'State of the Union Addresses', 'Spoken Addresses and Remarks', 'to Congress']","January 28, 2014","Barack Obama, Address Before a Joint Session of the Congress on the State of the Union Online by Gerhard Peters and John T. Woolley, The American Presidency Project https://www.presidency.ucsb.edu/node/305034",Address Before a Joint Session of the Congress on the State of the Union
233,Barack Obama,"['Presidential', 'State of the Union Addresses', 'Spoken Addresses and Remarks', 'to Congress']","January 20, 2015","Barack Obama, Address Before a Joint Session of the Congress on the State of the Union Online by Gerhard Peters and John T. Woolley, The American Presidency Project https://www.presidency.ucsb.edu/node/308225",Address Before a Joint Session of the Congress on the State of the Union
234,Barack Obama,"['Presidential', 'State of the Union Addresses', 'Spoken Addresses and Remarks', 'to Congress']","January 12, 2016","Barack Obama, Address Before a Joint Session of the Congress on the State of the Union Online by Gerhard Peters and John T. Woolley, The American Presidency Project https://www.presidency.ucsb.edu/node/313186",Address Before a Joint Session of the Congress on the State of the Union
235,Donald J. Trump,"['Presidential', 'State of the Union Addresses', 'Spoken Addresses and Remarks', 'to Congress']","January 30, 2018","Donald J. Trump, Address Before a Joint Session of the Congress on the State of the Union Online by Gerhard Peters and John T. Woolley, The American Presidency Project https://www.presidency.ucsb.edu/node/331779",Address Before a Joint Session of the Congress on the State of the Union
236,Donald J. Trump,"['Presidential', 'State of the Union Addresses', 'Spoken Addresses and Remarks', 'to Congress']","February 05, 2019","Donald J. Trump, Address Before a Joint Session of the Congress on the State of the Union Online by Gerhard Peters and John T. Woolley, The American Presidency Project https://www.presidency.ucsb.edu/node/332430",Address Before a Joint Session of the Congress on the State of the Union
237,Donald J. Trump,"['Presidential', 'State of the Union Addresses', 'Spoken Addresses and Remarks', 'to Congress']","February 04, 2020","Donald J. Trump, Address Before a Joint Session of the Congress on the State of the Union Online by Gerhard Peters and John T. Woolley, The American Presidency Project https://www.presidency.ucsb.edu/node/335440",Address Before a Joint Session of the Congress on the State of the Union
238,Joseph R. Biden,"['Presidential', 'Spoken Addresses and Remarks', 'State of the Union Addresses', 'to Congress']","March 01, 2022","Joseph R. Biden, Address Before a Joint Session of the Congress on the State of the Union Online by Gerhard Peters and John T. Woolley, The American Presidency Project https://www.presidency.ucsb.edu/node/354705",Address Before a Joint Session of the Congress on the State of the Union
